Shape,Index,Area,Perimeter,Ratio,RatioOverCircleMinimum
CIRCLE,50,7853.98,314.159,3.54491,1
RECTANGLE_3_1,50,7853.98,409.331,4.6188,1.30294
RECTANGLE_4_1,50,7853.98,443.113,5,1.41047
SQUARE,50,7853.98,354.491,4,1.12838
TRIANGLE,50,7853.98,404.032,4.55901,1.28607
SHARP_TRIANGLE,50,7853.98,446.24,5.03528,1.42043
FLAT_TRIANGLE,50,7853.98,446.083,5.03351,1.41993
HEXAGON,50,7853.98,329.891,3.72242,1.05008
POLYGON5,50,7853.98,337.824,3.81194,1.07533
POLYGON8,50,7853.98,322.65,3.64072,1.02703
POLYGON9,50,7853.98,320.796,3.6198,1.02113
POLYGON10,50,7853.98,319.494,3.60511,1.01698
POLYGON12,50,7853.98,317.828,3.5863,1.01168
POLYGON15,50,7853.98,316.488,3.57119,1.00741
ROTATED_SQUARE,50,7853.98,354.491,4,1.12838
STRETCHED_ROTATED_SQUARE,50,7853.98,457.646,5.16398,1.45673
BOWTIE,50,7853.98,668.843,7.54709,2.12899
DOUBLE_BOWTIE,50,7853.98,913.611,10.309,2.90811
SLOTTED_RECT_30x10,50,7853.98,957.275,10.8017,3.0471
V_NOTCH_RECT,50,7853.98,634.066,7.15467,2.0183
SNOWFLAKE,50,7853.98,3248.61,36.6566,10.3406
