Index,Runs,MeanSteps,StdDevSteps
10,1000,1051.43,553.451
11,1000,1313.78,657.165
12,1000,1627.23,815.826
13,1000,2047.07,1086.25
14,1000,2291.57,1245.17
15,1000,2793.41,1434.89
16,1000,3288.47,2003.89
17,1000,3677.17,1913.9
18,1000,4247.45,2344.36
19,1000,4825.91,2506.95
20,1000,5104.6,2675.58
21,1000,5760.56,3002.94
22,1000,6300.18,3522.41
23,1000,6782.33,3759.35
24,1000,7482.23,3679.07
25,1000,8329.43,4479.12
26,1000,8992.44,4712.63
27,1000,9613.24,5218.59
28,1000,10558.9,5466.89
29,1000,11032.9,5549.62
30,1000,11916,5995.1
31,1000,12884.7,6586.97
32,1000,13518.1,6800.5
33,1000,14468.1,7224.2
34,1000,15905.2,8086.79
35,1000,17513.5,9184.96
36,1000,18440.8,9366.67
37,1000,18957.8,8973.44
38,1000,20524.6,9992.78
39,1000,20821.2,9548.94
40,1000,21775.4,10643.9
41,1000,23683.7,11744.8
42,1000,24172.6,12009.8
43,1000,26150.9,12668.6
44,1000,28241.4,14307.9
45,1000,28775.1,13154.8
46,1000,30721.1,14749.7
47,1000,31967.8,14721.4
48,1000,32251.7,16330.3
49,1000,33706.8,16820.3
50,1000,36122.4,18594.2
51,1000,38058.6,18701.5
52,1000,38161.4,17961.3
53,1000,41206.8,19724
54,1000,43639.3,21071.3
55,1000,42866.4,19632.5
56,1000,45412.2,20400.3
57,1000,48228.9,25076.8
58,1000,49342.9,24336.5
59,1000,51059.3,24778.7
60,1000,54082.1,27341.9
61,1000,54312.2,26177.1
62,1000,56538.4,26609
63,1000,57425,25159
64,1000,60700.9,28250
65,1000,62595.5,29606.2
66,1000,64770.2,32073.8
67,1000,66210.1,30575.2
68,1000,68890.2,34240.3
69,1000,68989,31688
70,1000,73861.8,35673
71,1000,76280.3,40313.7
72,1000,77069.5,36564.9
73,1000,79885.2,38439.4
74,1000,81893.5,37780.7
75,1000,85725.3,39280.3
76,1000,88073.8,43297.7
77,1000,88486.3,41652
78,1000,91804.9,43811.9
79,1000,96311,44697.5
80,1000,99438.1,46452
81,1000,101390,49157.5
82,1000,101160,45782.4
83,1000,103289,48130.8
84,1000,107753,55529.2
85,1000,111142,52400.4
86,1000,113322,51565.8
87,1000,114143,50860.9
88,1000,117129,50242.5
89,1000,121660,57144.5
90,1000,124478,59907.1
91,1000,125488,54883.6
92,1000,130488,58407.2
93,1000,132449,58194.5
94,1000,138103,62617.1
95,1000,139503,62591.4
96,1000,138076,58106.3
97,1000,144247,65517.7
98,1000,150864,68703.7
99,1000,153782,70788.9
100,1000,151902,67732.1
101,1000,155437,68480
102,1000,161589,69820.4
103,1000,168081,78614.4
104,1000,169632,72992.2
105,1000,170755,78495.1
106,1000,172906,77144
107,1000,178478,80244.1
108,1000,183893,85310.8
109,1000,182895,81734.9
110,1000,188004,80546.6
111,1000,192125,87931.5
112,1000,195842,89917.7
113,1000,201128,91425.2
114,1000,204843,93924.5
115,1000,201929,90976.1
116,1000,206587,89192.9
117,1000,216148,97293.5
118,1000,220623,105339
119,1000,226260,106080
120,1000,227914,101491
